Ref,Val,Package,PosX,PosY,Rot,Side
"C1","1uf","CP_EIA-3216-18_Kemet-A_Pad1.58x1.35mm_HandSolder",130.143279,-70.325603,0.000000,top
"C2","0.1uf","C_1206_3216Metric_Pad1.33x1.80mm_HandSolder",130.148279,-73.440603,0.000000,top
"D1","MBR1020VL","D_SOD-123F",106.550000,-52.207413,-90.000000,top
"J1","FFC2A32-40-T","GCT_FFC2A32-40-T",123.854258,-78.611131,180.000000,top
"R1","22ohms","R_1206_3216Metric",135.760000,-54.787500,-90.000000,top
