Designator,Mid X,Mid Y,Layer,Rotation
C1,130.143279,-70.325603,Top,0.000000
C2,130.148279,-73.440603,Top,0.000000
D1,131.950000,-53.710000,Top,0.000000
J1,123.854258,-78.611131,Top,180.000000
R1,123.060000,-52.278774,Top,-90.000000